{"player_num": 2, "index": 0, "player_action": null, "children": {}, "action_regret": {"Check": 0.14285714285714285, "Call": 0.14285714285714285, "Bet_0_5": 0.14285714285714285, "Bet_1": 0.14285714285714285, "Bet_2": 0.14285714285714285, "AllIn": 0.14285714285714285, "Fold": 0.14285714285714285}}